garder;code;type;titre;description;lieu;lien;verifie_le;matieres;annees;source;remarques
;eca-marche-du-toreador-g-bizet;musique;« Marche du toréador », G. Bizet;Œuvre musicale à écouter ensemble, citée par le référentiel d’éducation culturelle et artistique.;;;;Éducation culturelle et artistique;P1;Référentiel ECA 2022, repères culturels et artistiques (P1);
;eca-papagena-papageno-w-a-mozart;musique;« Papagena - Papageno », W.A. Mozart;Œuvre musicale à écouter ensemble, citée par le référentiel d’éducation culturelle et artistique.;;;;Éducation culturelle et artistique;P1;Référentiel ECA 2022, repères culturels et artistiques (P1);
;eca-disney-medley-version-voca-people;musique;« Disney Medley », version Voca people;Œuvre musicale à écouter ensemble, citée par le référentiel d’éducation culturelle et artistique.;;;;Éducation culturelle et artistique;P1;Référentiel ECA 2022, repères culturels et artistiques (P1);
;eca-carnaval-des-animaux-c-saint-saens;musique;« Carnaval des animaux », C. Saint-Saëns;Œuvre musicale à écouter ensemble, citée par le référentiel d’éducation culturelle et artistique.;;;;Éducation culturelle et artistique;P1;Référentiel ECA 2022, repères culturels et artistiques (P1);
;eca-pierre-et-le-loup-s-prokofiev;musique;« Pierre et le Loup », S. Prokofiev;Œuvre musicale à écouter ensemble, citée par le référentiel d’éducation culturelle et artistique.;;;;Éducation culturelle et artistique;P1 | P3;Référentiel ECA 2022, repères culturels et artistiques (P1, P3);
;eca-marche-de-radetzky-j-strauss;musique;« Marche de Radetzky », J. Strauss;Œuvre musicale à écouter ensemble, citée par le référentiel d’éducation culturelle et artistique.;;;;Éducation culturelle et artistique;P1;Référentiel ECA 2022, repères culturels et artistiques (P1);
;eca-larlesienne-g-bizet;musique;« L’Arlésienne », G. Bizet;Œuvre musicale à écouter ensemble, citée par le référentiel d’éducation culturelle et artistique.;;;;Éducation culturelle et artistique;P1;Référentiel ECA 2022, repères culturels et artistiques (P1);
;eca-valse-n2-d-shostakovich;musique;« Valse n°2 », D. Shostakovich;Œuvre musicale à écouter ensemble, citée par le référentiel d’éducation culturelle et artistique.;;;;Éducation culturelle et artistique;P1;Référentiel ECA 2022, repères culturels et artistiques (P1);
;eca-sarabande-g-f-haendel;musique;« Sarabande », G.F. Haendel;Œuvre musicale à écouter ensemble, citée par le référentiel d’éducation culturelle et artistique.;;;;Éducation culturelle et artistique;P1;Référentiel ECA 2022, repères culturels et artistiques (P1);
;eca-fanfare-pour-le-carrousel-royal-j-b-lully;musique;« Fanfare pour le carrousel royal », J.-B. Lully;Œuvre musicale à écouter ensemble, citée par le référentiel d’éducation culturelle et artistique.;;;;Éducation culturelle et artistique;P1;Référentiel ECA 2022, repères culturels et artistiques (P1);
;eca-stripsody-c-berberian;musique;« Stripsody », C. Berberian;Œuvre musicale à écouter ensemble, citée par le référentiel d’éducation culturelle et artistique.;;;;Éducation culturelle et artistique;P2 | P6;Référentiel ECA 2022, repères culturels et artistiques (P2, P6);
;eca-avsenik-medley-perpetuum-jazzile;musique;« Avsenik Medley », Perpetuum Jazzile;Œuvre musicale à écouter ensemble, citée par le référentiel d’éducation culturelle et artistique.;;;;Éducation culturelle et artistique;P2;Référentiel ECA 2022, repères culturels et artistiques (P2);
;eca-kalinka-version-i-rebroff;musique;« Kalinka », version I. Rebroff;Œuvre musicale à écouter ensemble, citée par le référentiel d’éducation culturelle et artistique.;;;;Éducation culturelle et artistique;P2;Référentiel ECA 2022, repères culturels et artistiques (P2);
;eca-les-quatre-saisons-a-vivaldi-interpretation-de-c;musique;« Les Quatre Saisons », A. Vivaldi (interprétation de Camille et Julie Berthollet);Œuvre musicale à écouter ensemble, citée par le référentiel d’éducation culturelle et artistique.;;;;Éducation culturelle et artistique;P3;Référentiel ECA 2022, repères culturels et artistiques (P3);
;eca-gymnopedies-e-satie;musique;« Gymnopédies », E. Satie;Œuvre musicale à écouter ensemble, citée par le référentiel d’éducation culturelle et artistique.;;;;Éducation culturelle et artistique;P3;Référentiel ECA 2022, repères culturels et artistiques (P3);
;eca-concerto-daranjuez-j-rodrigo;musique;« Concerto d’Aranjuez », J. Rodrigo;Œuvre musicale à écouter ensemble, citée par le référentiel d’éducation culturelle et artistique.;;;;Éducation culturelle et artistique;P3;Référentiel ECA 2022, repères culturels et artistiques (P3);
;eca-imagine-j-lennon;musique;« Imagine », J. Lennon;Œuvre musicale à écouter ensemble, citée par le référentiel d’éducation culturelle et artistique.;;;;Éducation culturelle et artistique;P3;Référentiel ECA 2022, repères culturels et artistiques (P3);
;eca-canon-j-pachelbel;musique;« Canon », J. Pachelbel;Œuvre musicale à écouter ensemble, citée par le référentiel d’éducation culturelle et artistique.;;;;Éducation culturelle et artistique;P3;Référentiel ECA 2022, repères culturels et artistiques (P3);
;eca-oum-kalthoum;musique;Oum Kalthoum;Œuvre musicale à écouter ensemble, citée par le référentiel d’éducation culturelle et artistique.;;;;Éducation culturelle et artistique;P3;Référentiel ECA 2022, repères culturels et artistiques (P3);
;eca-la-brabanconne;musique;La Brabançonne;Œuvre musicale à écouter ensemble, citée par le référentiel d’éducation culturelle et artistique.;;;;Éducation culturelle et artistique;P3 | P6 | S2;Référentiel ECA 2022, repères culturels et artistiques (P3, P6, S2);
;eca-petite-symphonie-pour-vents-c-gounod;musique;« Petite symphonie pour vents », C. Gounod;Œuvre musicale à écouter ensemble, citée par le référentiel d’éducation culturelle et artistique.;;;;Éducation culturelle et artistique;P4;Référentiel ECA 2022, repères culturels et artistiques (P4);
;eca-what-a-wonderful-world-l-armstrong;musique;« What a Wonderful World », L. Armstrong;Œuvre musicale à écouter ensemble, citée par le référentiel d’éducation culturelle et artistique.;;;;Éducation culturelle et artistique;P4;Référentiel ECA 2022, repères culturels et artistiques (P4);
;eca-piccolo-saxo-et-cie-j-broussolle-et-a-popp;musique;« Piccolo, Saxo et Cie », J. Broussolle et A. Popp;Œuvre musicale à écouter ensemble, citée par le référentiel d’éducation culturelle et artistique.;;;;Éducation culturelle et artistique;P4;Référentiel ECA 2022, repères culturels et artistiques (P4);
;eca-la-melodie-du-bonheur-version-j-andrews;musique;« La Mélodie du bonheur », version J. Andrews;Œuvre musicale à écouter ensemble, citée par le référentiel d’éducation culturelle et artistique.;;;;Éducation culturelle et artistique;P4;Référentiel ECA 2022, repères culturels et artistiques (P4);
;eca-gammes-et-arpeges-film-les-aristochats-disney;musique;« Gammes et arpèges » (film « Les Aristochats », Disney);Œuvre musicale à écouter ensemble, citée par le référentiel d’éducation culturelle et artistique.;;;;Éducation culturelle et artistique;P4;Référentiel ECA 2022, repères culturels et artistiques (P4);
;eca-we-will-rock-you-queen;musique;« We Will Rock You », Queen;Œuvre musicale à écouter ensemble, citée par le référentiel d’éducation culturelle et artistique.;;;;Éducation culturelle et artistique;P4 | S3;Référentiel ECA 2022, repères culturels et artistiques (P4, S3);
;eca-bolero-m-ravel;musique;« Boléro », M. Ravel;Œuvre musicale à écouter ensemble, citée par le référentiel d’éducation culturelle et artistique.;;;;Éducation culturelle et artistique;P4;Référentiel ECA 2022, repères culturels et artistiques (P4);
;eca-stomp;musique;« Stomp »;Œuvre musicale à écouter ensemble, citée par le référentiel d’éducation culturelle et artistique.;;;;Éducation culturelle et artistique;P5;Référentiel ECA 2022, repères culturels et artistiques (P5);
;eca-casse-noisette-danse-de-la-fee-dragee-p-tchaikov;musique;« Casse-noisette, danse de la fée dragée », P. Tchaikovski;Œuvre musicale à écouter ensemble, citée par le référentiel d’éducation culturelle et artistique.;;;;Éducation culturelle et artistique;P5;Référentiel ECA 2022, repères culturels et artistiques (P5);
;eca-young-persons-guide-to-the-orchestra-b-britten;musique;« Young Person’s Guide to the Orchestra », B. Britten;Œuvre musicale à écouter ensemble, citée par le référentiel d’éducation culturelle et artistique.;;;;Éducation culturelle et artistique;P6 | S2;Référentiel ECA 2022, repères culturels et artistiques (P6, S2);
;eca-air-de-la-reine-de-la-nuit-w-a-mozart;musique;« Air de la reine de la nuit », W.A. Mozart;Œuvre musicale à écouter ensemble, citée par le référentiel d’éducation culturelle et artistique.;;;;Éducation culturelle et artistique;P6;Référentiel ECA 2022, repères culturels et artistiques (P6);
;eca-5e-symphonie-l-beethoven;musique;« 5e Symphonie », L. Beethoven;Œuvre musicale à écouter ensemble, citée par le référentiel d’éducation culturelle et artistique.;;;;Éducation culturelle et artistique;P6;Référentiel ECA 2022, repères culturels et artistiques (P6);
;eca-symphonie-des-jouets-l-mozart;musique;« Symphonie des jouets », L. Mozart;Œuvre musicale à écouter ensemble, citée par le référentiel d’éducation culturelle et artistique.;;;;Éducation culturelle et artistique;P6;Référentiel ECA 2022, repères culturels et artistiques (P6);
;eca-duo-des-chats-g-rossini;musique;« Duo des chats », G. Rossini;Œuvre musicale à écouter ensemble, citée par le référentiel d’éducation culturelle et artistique.;;;;Éducation culturelle et artistique;P6;Référentiel ECA 2022, repères culturels et artistiques (P6);
;eca-le-lion-est-mort-ce-soir-h-salvador;musique;« Le lion est mort ce soir », H. Salvador;Œuvre musicale à écouter ensemble, citée par le référentiel d’éducation culturelle et artistique.;;;;Éducation culturelle et artistique;P6;Référentiel ECA 2022, repères culturels et artistiques (P6);
;eca-a-la-foire-de-lest-a-branduardi;musique;« À la foire de l’Est », A. Branduardi;Œuvre musicale à écouter ensemble, citée par le référentiel d’éducation culturelle et artistique.;;;;Éducation culturelle et artistique;P6;Référentiel ECA 2022, repères culturels et artistiques (P6);
;eca-ensemble-j-j-goldman;musique;« Ensemble », J.-J. Goldman;Œuvre musicale à écouter ensemble, citée par le référentiel d’éducation culturelle et artistique.;;;;Éducation culturelle et artistique;P6;Référentiel ECA 2022, repères culturels et artistiques (P6);
;eca-vois-sur-ton-chemin-film-les-choristes;musique;« Vois sur ton chemin » (film « Les Choristes »);Œuvre musicale à écouter ensemble, citée par le référentiel d’éducation culturelle et artistique.;;;;Éducation culturelle et artistique;P6;Référentiel ECA 2022, repères culturels et artistiques (P6);
;eca-chanson-de-roland-et-enea-volare-era-moyen-age;musique;« Chanson de Roland » et « Enea volare », Era (Moyen Âge);Œuvre musicale à écouter ensemble, citée par le référentiel d’éducation culturelle et artistique.;;;;Éducation culturelle et artistique;S1;Référentiel ECA 2022, repères culturels et artistiques (S1);
;eca-tourdion-anonyme-et-conquest-of-paradise-vangeli;musique;« Tourdion », anonyme, et « Conquest of Paradise », Vangelis (Renaissance);Œuvre musicale à écouter ensemble, citée par le référentiel d’éducation culturelle et artistique.;;;;Éducation culturelle et artistique;S1;Référentiel ECA 2022, repères culturels et artistiques (S1);
;eca-marche-des-turcs-j-b-lully-et-lascia-chio-pianga;musique;« Marche des Turcs », J.-B. Lully, et « Lascia ch’io pianga », Haendel (période baroque);Œuvre musicale à écouter ensemble, citée par le référentiel d’éducation culturelle et artistique.;;;;Éducation culturelle et artistique;S1;Référentiel ECA 2022, repères culturels et artistiques (S1);
;eca-la-surprise-haydn-et-lenlevement-au-serail-w-a-m;musique;« La Surprise », Haydn, et « L’Enlèvement au sérail », W.A. Mozart (période classique);Œuvre musicale à écouter ensemble, citée par le référentiel d’éducation culturelle et artistique.;;;;Éducation culturelle et artistique;S1;Référentiel ECA 2022, repères culturels et artistiques (S1);
;eca-la-chevauchee-des-walkyries-r-wagner-et-also-spr;musique;« La Chevauchée des Walkyries », R. Wagner, et « Also sprach Zarathustra », R. Strauss (période romantique);Œuvre musicale à écouter ensemble, citée par le référentiel d’éducation culturelle et artistique.;;;;Éducation culturelle et artistique;S1;Référentiel ECA 2022, repères culturels et artistiques (S1);
;eca-le-sacre-du-printemps-i-stravinsky-et-o-fortuna-;musique;« Le Sacre du printemps », I. Stravinsky, et « O Fortuna », C. Orff (période moderne);Œuvre musicale à écouter ensemble, citée par le référentiel d’éducation culturelle et artistique.;;;;Éducation culturelle et artistique;S1;Référentiel ECA 2022, repères culturels et artistiques (S1);
;eca-quand-la-musique-est-bonne-j-j-goldman;musique;« Quand la musique est bonne », J.-J. Goldman;Œuvre musicale à écouter ensemble, citée par le référentiel d’éducation culturelle et artistique.;;;;Éducation culturelle et artistique;S1;Référentiel ECA 2022, repères culturels et artistiques (S1);
;eca-monopolis-m-berger-starmania;musique;« Monopolis », M. Berger (« Starmania »);Œuvre musicale à écouter ensemble, citée par le référentiel d’éducation culturelle et artistique.;;;;Éducation culturelle et artistique;S1;Référentiel ECA 2022, repères culturels et artistiques (S1);
;eca-le-matin-de-peer-gynt-e-grieg;musique;« Le matin » de « Peer Gynt », E. Grieg;Œuvre musicale à écouter ensemble, citée par le référentiel d’éducation culturelle et artistique.;;;;Éducation culturelle et artistique;S2;Référentiel ECA 2022, repères culturels et artistiques (S2);
;eca-sicilienne-g-faure;musique;« Sicilienne », G. Fauré;Œuvre musicale à écouter ensemble, citée par le référentiel d’éducation culturelle et artistique.;;;;Éducation culturelle et artistique;S2;Référentiel ECA 2022, repères culturels et artistiques (S2);
;eca-rondeau-abdelazar-h-purcell;musique;Rondeau « Abdelazar », H. Purcell;Œuvre musicale à écouter ensemble, citée par le référentiel d’éducation culturelle et artistique.;;;;Éducation culturelle et artistique;S2;Référentiel ECA 2022, repères culturels et artistiques (S2);
;eca-mistral-gagnant-renaud-et-ses-reprises;musique;« Mistral gagnant », Renaud (et ses reprises);Œuvre musicale à écouter ensemble, citée par le référentiel d’éducation culturelle et artistique.;;;;Éducation culturelle et artistique;S2;Référentiel ECA 2022, repères culturels et artistiques (S2);
;eca-ne-me-quitte-pas-j-brel-et-ses-reprises-par-stro;musique;« Ne me quitte pas », J. Brel (et ses reprises par Stromae, C. Dion);Œuvre musicale à écouter ensemble, citée par le référentiel d’éducation culturelle et artistique.;;;;Éducation culturelle et artistique;S2;Référentiel ECA 2022, repères culturels et artistiques (S2);
;eca-un-ete-de-porcelaine-m-schuman;musique;« Un Été de porcelaine », M. Schuman;Œuvre musicale à écouter ensemble, citée par le référentiel d’éducation culturelle et artistique.;;;;Éducation culturelle et artistique;S2;Référentiel ECA 2022, repères culturels et artistiques (S2);
;eca-tarentelle-y-duteil;musique;« Tarentelle », Y. Duteil;Œuvre musicale à écouter ensemble, citée par le référentiel d’éducation culturelle et artistique.;;;;Éducation culturelle et artistique;S2;Référentiel ECA 2022, repères culturels et artistiques (S2);
;eca-chur-des-esclaves-de-nabucco-g-verdi;musique;« Chœur des esclaves » de « Nabucco », G. Verdi;Œuvre musicale à écouter ensemble, citée par le référentiel d’éducation culturelle et artistique.;;;;Éducation culturelle et artistique;S3;Référentiel ECA 2022, repères culturels et artistiques (S3);
;eca-ode-a-la-joie-9e-symphonie-l-beethoven;musique;« Ode à la joie », 9e Symphonie, L. Beethoven;Œuvre musicale à écouter ensemble, citée par le référentiel d’éducation culturelle et artistique.;;;;Éducation culturelle et artistique;S3;Référentiel ECA 2022, repères culturels et artistiques (S3);
;eca-sicilienne-j-s-bach-bwv-1031;musique;« Sicilienne », J.S. Bach (BWV 1031);Œuvre musicale à écouter ensemble, citée par le référentiel d’éducation culturelle et artistique.;;;;Éducation culturelle et artistique;S3;Référentiel ECA 2022, repères culturels et artistiques (S3);
;eca-le-plat-pays-j-brel;musique;« Le Plat Pays », J. Brel;Œuvre musicale à écouter ensemble, citée par le référentiel d’éducation culturelle et artistique.;;;;Éducation culturelle et artistique;S3;Référentiel ECA 2022, repères culturels et artistiques (S3);
;eca-la-foule-e-piaf;musique;« La foule », E. Piaf;Œuvre musicale à écouter ensemble, citée par le référentiel d’éducation culturelle et artistique.;;;;Éducation culturelle et artistique;S3;Référentiel ECA 2022, repères culturels et artistiques (S3);
;eca-le-jazz-et-la-java-c-nougaro;musique;« Le Jazz et la Java », C. Nougaro;Œuvre musicale à écouter ensemble, citée par le référentiel d’éducation culturelle et artistique.;;;;Éducation culturelle et artistique;S3;Référentiel ECA 2022, repères culturels et artistiques (S3);
;eca-lamour-est-un-oiseau-rebelle-de-carmen-g-bizet;musique;« L’amour est un oiseau rebelle » de « Carmen », G. Bizet;Œuvre musicale à écouter ensemble, citée par le référentiel d’éducation culturelle et artistique.;;;;Éducation culturelle et artistique;S3;Référentiel ECA 2022, repères culturels et artistiques (S3);
;eca-carmen-stromae;musique;« Carmen », Stromae;Œuvre musicale à écouter ensemble, citée par le référentiel d’éducation culturelle et artistique.;;;;Éducation culturelle et artistique;S3;Référentiel ECA 2022, repères culturels et artistiques (S3);
;eca-hymne-europeen;musique;Hymne européen;Œuvre musicale à écouter ensemble, citée par le référentiel d’éducation culturelle et artistique.;;;;Éducation culturelle et artistique;S3;Référentiel ECA 2022, repères culturels et artistiques (S3);
;eca-les-plasticiens-de-la-couleur-p-mondrian-y-klein;oeuvre;Les plasticiens de la couleur : P. Mondrian, Y. Klein, H. Matisse, S. Delaunay, M. Rothko, A. Derain;Artistes et œuvres à découvrir ensemble (livre, site de musée, exposition), cités par le référentiel.;;;;Éducation culturelle et artistique;P1;Référentiel ECA 2022, repères culturels et artistiques (P1);
;eca-le-graphisme-art-aborigene-j-dubuffet-k-haring-j;oeuvre;Le graphisme : art aborigène, J. Dubuffet, K. Haring, J. Miró, dessinateurs de BD, illustrateurs;Artistes et œuvres à découvrir ensemble (livre, site de musée, exposition), cités par le référentiel.;;;;Éducation culturelle et artistique;P1;Référentiel ECA 2022, repères culturels et artistiques (P1);
;eca-le-modelage-n-de-saint-phalle-p-picasso-m-p-jan;oeuvre;Le modelage : N. de Saint Phalle, P. Picasso, M.-P. Jan;Artistes et œuvres à découvrir ensemble (livre, site de musée, exposition), cités par le référentiel.;;;;Éducation culturelle et artistique;P1;Référentiel ECA 2022, repères culturels et artistiques (P1);
;eca-les-plasticiens-de-la-forme-p-picasso-h-matisse-;oeuvre;Les plasticiens de la forme : P. Picasso, H. Matisse, A. Calder, l’art africain premier, J. Dubuffet;Artistes et œuvres à découvrir ensemble (livre, site de musée, exposition), cités par le référentiel.;;;;Éducation culturelle et artistique;P2;Référentiel ECA 2022, repères culturels et artistiques (P2);
;eca-lornementation-lart-egyptien-lart-de-lasie-anter;oeuvre;L’ornementation : l’art égyptien, l’art de l’Asie antérieure, la sculpture romane;Artistes et œuvres à découvrir ensemble (livre, site de musée, exposition), cités par le référentiel.;;;;Éducation culturelle et artistique;P2;Référentiel ECA 2022, repères culturels et artistiques (P2);
;eca-limaginaire-f-kahlo-s-dali-r-magritte-j-miro-m-c;oeuvre;L’imaginaire : F. Kahlo, S. Dali, R. Magritte, J. Miró, M. Chagall, J. Bosch;Artistes et œuvres à découvrir ensemble (livre, site de musée, exposition), cités par le référentiel.;;;;Éducation culturelle et artistique;P2;Référentiel ECA 2022, repères culturels et artistiques (P2);
;eca-la-representation-du-mouvement-c-twombly-k-hokus;oeuvre;La représentation du mouvement : C. Twombly, K. Hokusai, V. Vasarely, W. Leblanc, les futuristes italiens, E. Degas;Artistes et œuvres à découvrir ensemble (livre, site de musée, exposition), cités par le référentiel.;;;;Éducation culturelle et artistique;P3;Référentiel ECA 2022, repères culturels et artistiques (P3);
;eca-les-artistes-illustrateurs-h-davies-r-tasker-k-c;oeuvre;Les artistes illustrateurs : H. Davies, R. Tasker, K. Canby, J.-M. Folon, A. Warhol;Artistes et œuvres à découvrir ensemble (livre, site de musée, exposition), cités par le référentiel.;;;;Éducation culturelle et artistique;P3;Référentiel ECA 2022, repères culturels et artistiques (P3);
;eca-la-geometrie-dans-lart-d-buren-s-delaunay-v-vasa;oeuvre;La géométrie dans l’art : D. Buren, S. Delaunay, V. Vasarely, pavages islamiques, motifs hindous, vitraux;Artistes et œuvres à découvrir ensemble (livre, site de musée, exposition), cités par le référentiel.;;;;Éducation culturelle et artistique;P3;Référentiel ECA 2022, repères culturels et artistiques (P3);
;eca-les-plasticiens-du-geste-m-h-vieira-da-silva-j-p;oeuvre;Les plasticiens du geste : M.H. Vieira da Silva, J. Pollock, H. Hartung;Artistes et œuvres à découvrir ensemble (livre, site de musée, exposition), cités par le référentiel.;;;;Éducation culturelle et artistique;P4;Référentiel ECA 2022, repères culturels et artistiques (P4);
;eca-les-artistes-assembleurs-l-de-vinci-panamarenko-;oeuvre;Les artistes assembleurs : L. de Vinci, Panamarenko, les artistes de l’Arte Povera;Artistes et œuvres à découvrir ensemble (livre, site de musée, exposition), cités par le référentiel.;;;;Éducation culturelle et artistique;P4;Référentiel ECA 2022, repères culturels et artistiques (P4);
;eca-lart-parietal-grottes-de-lascaux-grottes-de-chau;oeuvre;L’art pariétal : grottes de Lascaux, grottes de Chauvet, les géoglyphes, J.-L. Moerman;Artistes et œuvres à découvrir ensemble (livre, site de musée, exposition), cités par le référentiel.;;;;Éducation culturelle et artistique;P4;Référentiel ECA 2022, repères culturels et artistiques (P4);
;eca-la-sculpture-a-calder-j-tinguely-p-bury-sculptur;oeuvre;La sculpture : A. Calder, J. Tinguely, P. Bury, sculptures grecques, A. Rodin, C. Claudel, A. Giacometti;Artistes et œuvres à découvrir ensemble (livre, site de musée, exposition), cités par le référentiel.;;;;Éducation culturelle et artistique;P4;Référentiel ECA 2022, repères culturels et artistiques (P4);
;eca-la-lumiere-dans-lart-lart-gothique-limpressionni;oeuvre;La lumière dans l’art : l’art gothique, l’impressionnisme, Le Caravage, Rembrandt, J. Vermeer, A.V. Janssens, G. de La Tour;Artistes et œuvres à découvrir ensemble (livre, site de musée, exposition), cités par le référentiel.;;;;Éducation culturelle et artistique;P5;Référentiel ECA 2022, repères culturels et artistiques (P5);
;eca-la-photographie-m-parr-r-doisneau-h-cartier-bres;oeuvre;La photographie : M. Parr, R. Doisneau, H. Cartier-Bresson, E. Muybridge, Y. Arthus-Bertrand;Artistes et œuvres à découvrir ensemble (livre, site de musée, exposition), cités par le référentiel.;;;;Éducation culturelle et artistique;P5;Référentiel ECA 2022, repères culturels et artistiques (P5);
;eca-le-cinema-g-melies-f-w-murnau-extraits-du-cinema;oeuvre;Le cinéma : G. Méliès, F.W. Murnau, extraits du cinéma muet et hollywoodien;Artistes et œuvres à découvrir ensemble (livre, site de musée, exposition), cités par le référentiel.;;;;Éducation culturelle et artistique;P5;Référentiel ECA 2022, repères culturels et artistiques (P5);
;eca-lagrandissement-et-la-reduction-murakami-c-olden;oeuvre;L’agrandissement et la réduction : Murakami, C. Oldenburg, I. Cordal;Artistes et œuvres à découvrir ensemble (livre, site de musée, exposition), cités par le référentiel.;;;;Éducation culturelle et artistique;P6;Référentiel ECA 2022, repères culturels et artistiques (P6);
;eca-le-volume-en-architecture-pyramides-egyptiennes-;oeuvre;Le volume en architecture : pyramides égyptiennes et précolombiennes, buildings, opéra de Sydney;Artistes et œuvres à découvrir ensemble (livre, site de musée, exposition), cités par le référentiel.;;;;Éducation culturelle et artistique;P6;Référentiel ECA 2022, repères culturels et artistiques (P6);
;eca-lanimation-m-satrapi-picha-m-ocelot-s-halleux;oeuvre;L’animation : M. Satrapi, Picha, M. Ocelot, S. Halleux;Artistes et œuvres à découvrir ensemble (livre, site de musée, exposition), cités par le référentiel.;;;;Éducation culturelle et artistique;P6;Référentiel ECA 2022, repères culturels et artistiques (P6);
;eca-la-perspective-dans-lart-canaletto-michel-ange-p;oeuvre;La perspective dans l’art : Canaletto, Michel-Ange, P. Delvaux, L.B. Alberti, A. Dürer, Masaccio, A. Gentileschi;Artistes et œuvres à découvrir ensemble (livre, site de musée, exposition), cités par le référentiel.;;;;Éducation culturelle et artistique;S1;Référentiel ECA 2022, repères culturels et artistiques (S1);
;eca-lart-urbain-j-m-basquiat-banksy-k-haring-jr-nano;oeuvre;L’art urbain : J.-M. Basquiat, Banksy, K. Haring, JR, Nano 4814, Edgar Flores, Flip, E. Koba;Artistes et œuvres à découvrir ensemble (livre, site de musée, exposition), cités par le référentiel.;;;;Éducation culturelle et artistique;S1;Référentiel ECA 2022, repères culturels et artistiques (S1);
;eca-labstraction-v-kandinsky-k-malevitch-j-pollock-j;oeuvre;L’abstraction : V. Kandinsky, K. Malevitch, J. Pollock, J. Delahaut, P. Soulages;Artistes et œuvres à découvrir ensemble (livre, site de musée, exposition), cités par le référentiel.;;;;Éducation culturelle et artistique;S1;Référentiel ECA 2022, repères culturels et artistiques (S1);
;eca-la-figuration-s-valadon-m-laurencin-p-p-rubens-p;oeuvre;La figuration : S. Valadon, M. Laurencin, P.P. Rubens, P. Bruegel, G. Courbet, D. Hockney;Artistes et œuvres à découvrir ensemble (livre, site de musée, exposition), cités par le référentiel.;;;;Éducation culturelle et artistique;S1;Référentiel ECA 2022, repères culturels et artistiques (S1);
;eca-le-detournement-b-kruger-g-penone-le-land-art-m-;oeuvre;Le détournement : B. Kruger, G. Penone, le Land art, M. Duchamp;Artistes et œuvres à découvrir ensemble (livre, site de musée, exposition), cités par le référentiel.;;;;Éducation culturelle et artistique;S2;Référentiel ECA 2022, repères culturels et artistiques (S2);
;eca-les-calligraphies-art-chinois-art-japonais-art-m;oeuvre;Les calligraphies : art chinois, art japonais, art musulman, parchemins médiévaux;Artistes et œuvres à découvrir ensemble (livre, site de musée, exposition), cités par le référentiel.;;;;Éducation culturelle et artistique;S2;Référentiel ECA 2022, repères culturels et artistiques (S2);
;eca-les-installations-a-messager-l-bourgeois-k-geers;oeuvre;Les installations : A. Messager, L. Bourgeois, K. Geers, T. Margolles, J. Beuys, D. Hirst;Artistes et œuvres à découvrir ensemble (livre, site de musée, exposition), cités par le référentiel.;;;;Éducation culturelle et artistique;S2;Référentiel ECA 2022, repères culturels et artistiques (S2);
;eca-la-video-et-lart-numerique-b-viola-p-sorin-n-mcl;oeuvre;La vidéo et l’art numérique : B. Viola, P. Sorin, N. McLaren;Artistes et œuvres à découvrir ensemble (livre, site de musée, exposition), cités par le référentiel.;;;;Éducation culturelle et artistique;S3;Référentiel ECA 2022, repères culturels et artistiques (S3);
;eca-les-photographes-temoins-c-sherman-a-sander-d-la;oeuvre;Les photographes témoins : C. Sherman, A. Sander, D. Lange, S. Salgado;Artistes et œuvres à découvrir ensemble (livre, site de musée, exposition), cités par le référentiel.;;;;Éducation culturelle et artistique;S3;Référentiel ECA 2022, repères culturels et artistiques (S3);
;eca-larchitecture-chateaux-renaissance-art-roman-art;oeuvre;L’architecture : châteaux, Renaissance, art roman, art nouveau, Bauhaus, Le Corbusier, C. Perriand, Z. Hadid, F. Gehry, J. Nouvel;Artistes et œuvres à découvrir ensemble (livre, site de musée, exposition), cités par le référentiel.;;;;Éducation culturelle et artistique;S3;Référentiel ECA 2022, repères culturels et artistiques (S3);
;eca-illustrateurs-et-dessinateurs-de-bd-c-ponti-c-br;livre;Illustrateurs et dessinateurs de BD : C. Ponti, C. Bretécher, M. de Radiguès, L. Gaume, Uderzo;"À lire ou à raconter ensemble ; cité par le référentiel d’éducation culturelle et artistique.";;;;Éducation culturelle et artistique | Français;S1;Référentiel ECA 2022, repères culturels et artistiques (S1);
;eca-la-bd-belge-j-c-servais-j-van-hamme-herge-franqu;livre;La BD belge : J.-C. Servais, J. Van Hamme, Hergé, Franquin, F. Schuiten;"À lire ou à raconter ensemble ; cité par le référentiel d’éducation culturelle et artistique.";;;;Éducation culturelle et artistique | Français;S2;Référentiel ECA 2022, repères culturels et artistiques (S2);
;eca-legende-de-la-gadale;livre;Légende de la Gadale;"À lire ou à raconter ensemble ; cité par le référentiel d’éducation culturelle et artistique.";;;;Français | Formation historique et géographique;P5;Référentiel ECA 2022, repères culturels et artistiques (P5);
;eca-legende-du-cheval-bayard;livre;Légende du cheval Bayard;"À lire ou à raconter ensemble ; cité par le référentiel d’éducation culturelle et artistique.";;;;Français | Formation historique et géographique;P5;Référentiel ECA 2022, repères culturels et artistiques (P5);
;eca-la-louve-legende;livre;La Louve (légende);"À lire ou à raconter ensemble ; cité par le référentiel d’éducation culturelle et artistique.";;;;Français | Formation historique et géographique;P5;Référentiel ECA 2022, repères culturels et artistiques (P5);
;eca-dedale-et-icare-mythe;livre;Dédale et Icare (mythe);"À lire ou à raconter ensemble ; cité par le référentiel d’éducation culturelle et artistique.";;;;Français | Formation historique et géographique;P5;Référentiel ECA 2022, repères culturels et artistiques (P5);
;eca-dipe-mythe;livre;Œdipe (mythe);"À lire ou à raconter ensemble ; cité par le référentiel d’éducation culturelle et artistique.";;;;Français | Formation historique et géographique;P5;Référentiel ECA 2022, repères culturels et artistiques (P5);
;eca-tristan-et-yseult-legende;livre;Tristan et Yseult (légende);"À lire ou à raconter ensemble ; cité par le référentiel d’éducation culturelle et artistique.";;;;Français;P5;Référentiel ECA 2022, repères culturels et artistiques (P5);
;eca-dracula-legende;livre;Dracula (légende);"À lire ou à raconter ensemble ; cité par le référentiel d’éducation culturelle et artistique.";;;;Français;P5;Référentiel ECA 2022, repères culturels et artistiques (P5);
;eca-le-mime-m-marceau-ch-chaplin-b-keaton;spectacle;Le mime : M. Marceau, Ch. Chaplin, B. Keaton;Forme de spectacle à découvrir (en salle, en vidéo ou lors d’un festival), citée par le référentiel.;;;;Éducation culturelle et artistique;P1;Référentiel ECA 2022, repères culturels et artistiques (P1);
;eca-marionnettes-traditionnelles-et-contemporaines-t;spectacle;Marionnettes traditionnelles et contemporaines, théâtre d’ombres;Forme de spectacle à découvrir (en salle, en vidéo ou lors d’un festival), citée par le référentiel.;;;;Éducation culturelle et artistique;P2;Référentiel ECA 2022, repères culturels et artistiques (P2);
;eca-theatre-de-rue-et-cirque;spectacle;Théâtre de rue et cirque;Forme de spectacle à découvrir (en salle, en vidéo ou lors d’un festival), citée par le référentiel.;;;;Éducation culturelle et artistique;P3;Référentiel ECA 2022, repères culturels et artistiques (P3);
;eca-ballets-casse-noisette-le-lac-des-cygnes-le-sacr;spectacle;Ballets : Casse-noisette, Le Lac des cygnes, Le Sacre du printemps, ballets de M. Béjart, A. Alonso;Forme de spectacle à découvrir (en salle, en vidéo ou lors d’un festival), citée par le référentiel.;;;;Éducation culturelle et artistique;P4;Référentiel ECA 2022, repères culturels et artistiques (P4);
;eca-theatre-et-danse-jeune-public;spectacle;Théâtre et danse « Jeune Public »;Forme de spectacle à découvrir (en salle, en vidéo ou lors d’un festival), citée par le référentiel.;;;;Éducation culturelle et artistique;P4 | P5 | P6;Référentiel ECA 2022, repères culturels et artistiques (P4, P5, P6);
;eca-danses-du-monde-orientale-africaine-tribale-haka;spectacle;Danses du monde : orientale, africaine, tribale, Haka;Forme de spectacle à découvrir (en salle, en vidéo ou lors d’un festival), citée par le référentiel.;;;;Éducation culturelle et artistique;P6;Référentiel ECA 2022, repères culturels et artistiques (P6);
;eca-danses-urbaines-hip-hop-break-dance;spectacle;Danses urbaines : hip-hop, break dance;Forme de spectacle à découvrir (en salle, en vidéo ou lors d’un festival), citée par le référentiel.;;;;Éducation culturelle et artistique;S1;Référentiel ECA 2022, repères culturels et artistiques (S1);
;eca-spectacles-pluridisciplinaires-par-ex-light-dans;spectacle;Spectacles pluridisciplinaires (par ex. Light danse, Enra);Forme de spectacle à découvrir (en salle, en vidéo ou lors d’un festival), citée par le référentiel.;;;;Éducation culturelle et artistique;S2;Référentiel ECA 2022, repères culturels et artistiques (S2);
;eca-danse-contemporaine-m-a-de-mey-a-t-de-keersmaeke;spectacle;Danse contemporaine : M.A. De Mey, A.T. De Keersmaeker, M.-C. Pietragalla, M. Béjart;Forme de spectacle à découvrir (en salle, en vidéo ou lors d’un festival), citée par le référentiel.;;;;Éducation culturelle et artistique;S3;Référentiel ECA 2022, repères culturels et artistiques (S3);
;eca-atomium;patrimoine;Atomium;"Lieu du patrimoine belge cité par le référentiel ; idée de sortie en famille.";Bruxelles;;;Éducation culturelle et artistique | Formation historique et géographique;P3;Référentiel ECA 2022, repères culturels et artistiques (P3);
;eca-grand-place-de-bruxelles;patrimoine;Grand-Place de Bruxelles;"Lieu du patrimoine belge cité par le référentiel ; idée de sortie en famille.";Bruxelles;;;Éducation culturelle et artistique | Formation historique et géographique;P3;Référentiel ECA 2022, repères culturels et artistiques (P3);
;eca-bruges;patrimoine;Bruges;"Lieu du patrimoine belge cité par le référentiel ; idée de sortie en famille.";Bruges;;;Éducation culturelle et artistique | Formation historique et géographique;P3;Référentiel ECA 2022, repères culturels et artistiques (P3);
;eca-gare-de-liege;patrimoine;Gare de Liège;"Lieu du patrimoine belge cité par le référentiel ; idée de sortie en famille.";Liège;;;Éducation culturelle et artistique | Formation historique et géographique;P3;Référentiel ECA 2022, repères culturels et artistiques (P3);
;eca-cathedrale-de-tournai;patrimoine;Cathédrale de Tournai;"Lieu du patrimoine belge cité par le référentiel ; idée de sortie en famille.";Tournai;;;Éducation culturelle et artistique | Formation historique et géographique;P3;Référentiel ECA 2022, repères culturels et artistiques (P3);
;eca-ascenseur-a-bateaux;patrimoine;Ascenseur à bateaux;"Lieu du patrimoine belge cité par le référentiel ; idée de sortie en famille.";;;;Éducation culturelle et artistique | Formation historique et géographique;P3;Référentiel ECA 2022, repères culturels et artistiques (P3);
;eca-remparts-de-binche;patrimoine;Remparts de Binche;"Lieu du patrimoine belge cité par le référentiel ; idée de sortie en famille.";Binche;;;Éducation culturelle et artistique | Formation historique et géographique;S1;Référentiel ECA 2022, repères culturels et artistiques (S1);
;eca-archeoforum-de-liege;patrimoine;Archéoforum de Liège;"Lieu du patrimoine belge cité par le référentiel ; idée de sortie en famille.";Liège;;;Éducation culturelle et artistique | Formation historique et géographique;S1;Référentiel ECA 2022, repères culturels et artistiques (S1);
;eca-abbaye-de-villers-la-ville;patrimoine;Abbaye de Villers-la-Ville;"Lieu du patrimoine belge cité par le référentiel ; idée de sortie en famille.";Villers-la-Ville;;;Éducation culturelle et artistique | Formation historique et géographique;S1;Référentiel ECA 2022, repères culturels et artistiques (S1);
;eca-chateau-fort-de-gand;patrimoine;Château fort de Gand;"Lieu du patrimoine belge cité par le référentiel ; idée de sortie en famille.";Gand;;;Éducation culturelle et artistique | Formation historique et géographique;S1;Référentiel ECA 2022, repères culturels et artistiques (S1);
;eca-chateau-fort-de-veves;patrimoine;Château fort de Vêves;"Lieu du patrimoine belge cité par le référentiel ; idée de sortie en famille.";Vêves;;;Éducation culturelle et artistique | Formation historique et géographique;S1;Référentiel ECA 2022, repères culturels et artistiques (S1);
;eca-chateau-fort-de-beersel;patrimoine;Château fort de Beersel;"Lieu du patrimoine belge cité par le référentiel ; idée de sortie en famille.";Beersel;;;Éducation culturelle et artistique | Formation historique et géographique;S1;Référentiel ECA 2022, repères culturels et artistiques (S1);
;eca-place-royale-de-bruxelles;patrimoine;Place Royale de Bruxelles;"Lieu du patrimoine belge cité par le référentiel ; idée de sortie en famille.";Bruxelles;;;Éducation culturelle et artistique | Formation historique et géographique;S1;Référentiel ECA 2022, repères culturels et artistiques (S1);
;eca-chateau-de-belil;patrimoine;Château de Belœil;"Lieu du patrimoine belge cité par le référentiel ; idée de sortie en famille.";Belœil;;;Éducation culturelle et artistique | Formation historique et géographique;S1;Référentiel ECA 2022, repères culturels et artistiques (S1);
;eca-theatre-de-namur;patrimoine;Théâtre de Namur;"Lieu du patrimoine belge cité par le référentiel ; idée de sortie en famille.";Namur;;;Éducation culturelle et artistique | Formation historique et géographique;S1;Référentiel ECA 2022, repères culturels et artistiques (S1);
;eca-opera-de-liege;patrimoine;Opéra de Liège;"Lieu du patrimoine belge cité par le référentiel ; idée de sortie en famille.";Liège;;;Éducation culturelle et artistique | Formation historique et géographique;S1;Référentiel ECA 2022, repères culturels et artistiques (S1);
;eca-palais-de-justice-de-bruxelles;patrimoine;Palais de Justice de Bruxelles;"Lieu du patrimoine belge cité par le référentiel ; idée de sortie en famille.";Bruxelles;;;Éducation culturelle et artistique | Formation historique et géographique;S1;Référentiel ECA 2022, repères culturels et artistiques (S1);
;eca-pyramides-et-sphinx;patrimoine;Pyramides et Sphinx;"Patrimoine d’ailleurs cité par le référentiel ; à découvrir en images ou en documentaire.";Le Caire, Égypte;;;Éducation culturelle et artistique | Formation historique et géographique;P6;Référentiel ECA 2022, repères culturels et artistiques (P6);
;eca-taj-mahal;patrimoine;Taj Mahal;"Patrimoine d’ailleurs cité par le référentiel ; à découvrir en images ou en documentaire.";Inde;;;Éducation culturelle et artistique | Formation historique et géographique;P6;Référentiel ECA 2022, repères culturels et artistiques (P6);
;eca-muraille-de-chine;patrimoine;Muraille de Chine;"Patrimoine d’ailleurs cité par le référentiel ; à découvrir en images ou en documentaire.";Chine;;;Éducation culturelle et artistique | Formation historique et géographique;P6;Référentiel ECA 2022, repères culturels et artistiques (P6);
;eca-christ-de-rio;patrimoine;Christ de Rio;"Patrimoine d’ailleurs cité par le référentiel ; à découvrir en images ou en documentaire.";Rio, Brésil;;;Éducation culturelle et artistique | Formation historique et géographique;P6;Référentiel ECA 2022, repères culturels et artistiques (P6);
;eca-tour-de-londres;patrimoine;Tour de Londres;"Patrimoine d’ailleurs cité par le référentiel ; à découvrir en images ou en documentaire.";Londres;;;Éducation culturelle et artistique | Formation historique et géographique;P6;Référentiel ECA 2022, repères culturels et artistiques (P6);
;eca-place-rouge;patrimoine;Place Rouge;"Patrimoine d’ailleurs cité par le référentiel ; à découvrir en images ou en documentaire.";Moscou;;;Éducation culturelle et artistique | Formation historique et géographique;P6;Référentiel ECA 2022, repères culturels et artistiques (P6);
;eca-machu-picchu;patrimoine;Machu Picchu;"Patrimoine d’ailleurs cité par le référentiel ; à découvrir en images ou en documentaire.";Pérou;;;Éducation culturelle et artistique | Formation historique et géographique;P6;Référentiel ECA 2022, repères culturels et artistiques (P6);
;eca-colisee;patrimoine;Colisée;"Patrimoine d’ailleurs cité par le référentiel ; à découvrir en images ou en documentaire.";Rome;;;Éducation culturelle et artistique | Formation historique et géographique;P6;Référentiel ECA 2022, repères culturels et artistiques (P6);
;eca-venus-de-milo;patrimoine;Vénus de Milo;"Patrimoine d’ailleurs cité par le référentiel ; à découvrir en images ou en documentaire.";;;;Éducation culturelle et artistique | Formation historique et géographique;P6;Référentiel ECA 2022, repères culturels et artistiques (P6);
;eca-david-de-michel-ange;patrimoine;David de Michel-Ange;"Patrimoine d’ailleurs cité par le référentiel ; à découvrir en images ou en documentaire.";;;;Éducation culturelle et artistique | Formation historique et géographique;P6;Référentiel ECA 2022, repères culturels et artistiques (P6);
;eca-fontaine-de-trevi;patrimoine;Fontaine de Trevi;"Patrimoine d’ailleurs cité par le référentiel ; à découvrir en images ou en documentaire.";Rome;;;Éducation culturelle et artistique | Formation historique et géographique;P6;Référentiel ECA 2022, repères culturels et artistiques (P6);
;eca-parthenon;patrimoine;Parthénon;"Patrimoine d’ailleurs cité par le référentiel ; à découvrir en images ou en documentaire.";Athènes;;;Éducation culturelle et artistique | Formation historique et géographique;S1;Référentiel ECA 2022, repères culturels et artistiques (S1);
;eca-byblos;patrimoine;Byblos;"Patrimoine d’ailleurs cité par le référentiel ; à découvrir en images ou en documentaire.";;;;Éducation culturelle et artistique | Formation historique et géographique;S1;Référentiel ECA 2022, repères culturels et artistiques (S1);
;eca-notre-dame-de-paris;patrimoine;Notre-Dame de Paris;"Patrimoine d’ailleurs cité par le référentiel ; à découvrir en images ou en documentaire.";Paris;;;Éducation culturelle et artistique | Formation historique et géographique;S1;Référentiel ECA 2022, repères culturels et artistiques (S1);
;eca-alhambra-de-grenade;patrimoine;Alhambra de Grenade;"Patrimoine d’ailleurs cité par le référentiel ; à découvrir en images ou en documentaire.";Grenade;;;Éducation culturelle et artistique | Formation historique et géographique;S1;Référentiel ECA 2022, repères culturels et artistiques (S1);
;eca-palais-de-schonbrunn;patrimoine;Palais de Schönbrunn;"Patrimoine d’ailleurs cité par le référentiel ; à découvrir en images ou en documentaire.";Vienne;;;Éducation culturelle et artistique | Formation historique et géographique;S1;Référentiel ECA 2022, repères culturels et artistiques (S1);
;eca-ermitage-de-saint-petersbourg;patrimoine;Ermitage de Saint-Pétersbourg;"Patrimoine d’ailleurs cité par le référentiel ; à découvrir en images ou en documentaire.";Saint-Pétersbourg;;;Éducation culturelle et artistique | Formation historique et géographique;S1;Référentiel ECA 2022, repères culturels et artistiques (S1);
;eca-statue-de-la-liberte;patrimoine;Statue de la Liberté;"Patrimoine d’ailleurs cité par le référentiel ; à découvrir en images ou en documentaire.";New York;;;Éducation culturelle et artistique | Formation historique et géographique;S1;Référentiel ECA 2022, repères culturels et artistiques (S1);
;eca-tour-eiffel;patrimoine;Tour Eiffel;"Patrimoine d’ailleurs cité par le référentiel ; à découvrir en images ou en documentaire.";Paris;;;Éducation culturelle et artistique | Formation historique et géographique;S1;Référentiel ECA 2022, repères culturels et artistiques (S1);
